ip,countryCode,countryName,asn,isp,block,hostname
173.30.58.80,US,United States,30036,MEDIACOM-ENTERPRISE-BUSINESS,0,173.30.58.80
24.216.79.28,US,United States,20115,CHARTER-NET-HKY-NC,0,24.216.79.28
97.88.199.150,US,United States,20115,CHARTER-NET-HKY-NC,0,97.88.199.150
73.209.171.97,US,United States,7922,COMCAST-7922,0,73.209.171.97
98.249.61.213,US,United States,7922,COMCAST-7922,0,98.249.61.213
73.148.140.139,US,United States,7922,COMCAST-7922,0,73.148.140.139
45.19.20.193,US,United States,7018,ATT-INTERNET4,0,45.19.20.193
24.198.192.74,US,United States,11351,RR-NYSREGION-ASN-01,0,24.198.192.74
108.92.69.59,US,United States,7018,ATT-INTERNET4,0,108.92.69.59
165.156.39.52,US,United States,30437,GE-MS003,0,165.156.39.52
24.95.54.150,US,United States,10796,SCRR-10796,0,24.95.54.150
73.61.22.243,US,United States,7015,COMCAST-7015,0,73.61.22.243
50.247.74.117,US,United States,7922,COMCAST-7922,0,50.247.74.117
84.26.133.104,NL,Netherlands,33915,TNF-AS,0,84.26.133.104
97.106.105.236,US,United States,33363,BHN-TAMPA,0,97.106.105.236
100.16.9.152,US,United States,701,UUNET,0,100.16.9.152
208.104.48.84,US,United States,14615,ROCK-HILL-TELEPHONE,0,208.104.48.84
72.178.16.62,US,United States,11427,SCRR-11427,0,72.178.16.62
68.131.11.228,US,United States,701,UUNET,0,68.131.11.228
99.121.215.79,US,United States,7018,ATT-INTERNET4,0,99.121.215.79
204.9.150.214,US,United States,33254,OMERESA,0,204.9.150.214
104.229.237.190,US,United States,11351,RR-NYSREGION-ASN-01,0,104.229.237.190
67.185.179.49,US,United States,7922,COMCAST-7922,0,67.185.179.49
71.113.46.155,US,United States,701,UUNET,0,71.113.46.155
47.150.65.25,US,United States,5650,FRONTIER-FRTR,0,47.150.65.25
167.64.57.10,US,United States,12052,VFC,0,167.64.57.10
172.78.178.29,US,United States,5650,FRONTIER-FRTR,0,172.78.178.29
207.5.123.138,US,United States,17306,RISE-BROADBAND,0,207.5.123.138
47.36.12.23,US,United States,20115,CHARTER-NET-HKY-NC,0,47.36.12.23
50.175.65.136,US,United States,7922,COMCAST-7922,0,50.175.65.136
128.177.124.229,US,United States,6461,ZAYO-6461,1,128.177.124.229
24.199.32.210,US,United States,20001,ROADRUNNER-WEST,0,24.199.32.210
50.180.181.51,US,United States,7922,COMCAST-7922,0,50.180.181.51
73.205.68.46,US,United States,7922,COMCAST-7922,0,73.205.68.46
71.88.102.175,US,United States,20115,CHARTER-NET-HKY-NC,0,71.88.102.175
67.161.28.128,US,United States,7922,COMCAST-7922,0,67.161.28.128
104.172.185.161,US,United States,20001,ROADRUNNER-WEST,0,104.172.185.161
75.75.71.146,US,United States,7922,COMCAST-7922,0,75.75.71.146
104.129.196.157,US,United States,22616,ZSCALER-SJC1,0,104.129.196.157
104.243.37.106,US,United States,20473,AS-CHOOPA,1,104.243.37.106
190.104.209.230,AR,Argentina,11014,CPS,0,190.104.209.230
47.33.110.66,US,United States,20115,CHARTER-NET-HKY-NC,0,47.33.110.66
99.26.148.250,US,United States,7018,ATT-INTERNET4,0,99.26.148.250
173.89.173.27,US,United States,10796,SCRR-10796,0,173.89.173.27
192.231.86.240,US,United States,29721,CSHS-ELSEGUNDO,0,192.231.86.240
97.123.203.160,US,United States,209,CENTURYLINK-US-LEGACY-QWEST,0,97.123.203.160
108.183.209.215,US,United States,11351,RR-NYSREGION-ASN-01,0,108.183.209.215
50.167.159.179,US,United States,7922,COMCAST-7922,0,50.167.159.179
64.107.42.155,US,United States,6325,ILLINOIS-CENTURY,0,64.107.42.155
142.129.109.174,US,United States,20001,ROADRUNNER-WEST,0,142.129.109.174
132.177.224.198,US,United States,11745,USNH,0,132.177.224.198
172.98.98.238,US,United States,53828,NITEL,0,172.98.98.238
73.41.134.40,US,United States,7922,COMCAST-7922,0,73.41.134.40
96.39.214.219,US,United States,20115,CHARTER-NET-HKY-NC,0,96.39.214.219
71.120.84.21,US,United States,701,UUNET,0,71.120.84.21
66.44.163.98,US,United States,23465,NUTELECOM,0,66.44.163.98
12.232.28.3,US,United States,36173,KCI,0,12.232.28.3
152.26.180.39,US,United States,81,NCREN,0,152.26.180.39
24.101.161.10,US,United States,27364,ACS-INTERNET,0,24.101.161.10
99.140.86.202,US,United States,7018,ATT-INTERNET4,0,99.140.86.202
174.31.4.62,US,United States,209,CENTURYLINK-US-LEGACY-QWEST,0,174.31.4.62
206.212.109.211,US,United States,46556,CIT-ASN-NA-03,0,206.212.109.211
47.222.38.132,US,United States,19108,SUDDENLINK-COMMUNICATIONS,0,47.222.38.132
192.104.127.18,US,United States,26734,PWR-NET,0,192.104.127.18
203.87.129.156,PH,Philippines,10139,SMARTBRO-PH-AP,0,203.87.129.156
73.237.22.172,US,United States,7922,COMCAST-7922,0,73.237.22.172
188.210.5.33,DE,Germany,42652,DELUNET,0,188.210.5.33
72.87.127.106,US,United States,701,UUNET,0,72.87.127.106
76.124.48.31,US,United States,7922,COMCAST-7922,0,76.124.48.31
162.40.220.82,US,United States,7029,WINDSTREAM,0,162.40.220.82
75.17.239.125,US,United States,7018,ATT-INTERNET4,0,75.17.239.125
76.106.222.118,US,United States,7922,COMCAST-7922,0,76.106.222.118
24.126.103.16,US,United States,7922,COMCAST-7922,0,24.126.103.16
50.135.31.146,US,United States,7922,COMCAST-7922,0,50.135.31.146
173.94.101.247,US,United States,11426,SCRR-11426,0,173.94.101.247
50.44.239.42,US,United States,5650,FRONTIER-FRTR,0,50.44.239.42
24.56.119.67,US,United States,4922,SHENTEL,0,24.56.119.67
96.19.214.215,US,United States,11492,CABLEONE,0,96.19.214.215
100.0.221.133,US,United States,701,UUNET,0,100.0.221.133
66.194.123.10,US,United States,3549,LVLT-3549,2,66.194.123.10
134.29.86.139,US,United States,675,MSUS-AS,0,134.29.86.139
73.39.173.178,US,United States,7922,COMCAST-7922,0,73.39.173.178
174.102.16.120,US,United States,10796,SCRR-10796,0,174.102.16.120
50.26.132.28,US,United States,19108,SUDDENLINK-COMMUNICATIONS,0,50.26.132.28
140.180.246.44,US,United States,88,PRINCETON-AS,0,140.180.246.44
71.148.8.136,US,United States,7018,ATT-INTERNET4,0,71.148.8.136
99.194.106.85,US,United States,22561,CENTURYLINK-LEGACY-LIGHTCORE,0,99.194.106.85
69.118.242.222,US,United States,6128,CABLE-NET-1,0,69.118.242.222
73.26.59.176,US,United States,7922,COMCAST-7922,0,73.26.59.176
75.128.183.238,US,United States,20115,CHARTER-NET-HKY-NC,0,75.128.183.238
24.205.186.80,US,United States,20115,CHARTER-NET-HKY-NC,0,24.205.186.80
98.118.137.134,US,United States,701,UUNET,0,98.118.137.134
199.244.49.67,US,United States,36007,KAMATERA,0,199.244.49.67
73.94.69.239,US,United States,7922,COMCAST-7922,0,73.94.69.239
73.150.225.69,US,United States,7922,COMCAST-7922,0,73.150.225.69
207.140.21.2,US,United States,7018,ATT-INTERNET4,0,207.140.21.2
68.185.239.53,US,United States,20115,CHARTER-NET-HKY-NC,0,68.185.239.53
204.8.148.48,US,United States,32861,MACQUARIE-HOLDINGS-USA-INC,0,204.8.148.48
76.218.215.136,US,United States,7018,ATT-INTERNET4,0,76.218.215.136
108.212.177.49,US,United States,7018,ATT-INTERNET4,0,108.212.177.49
107.5.19.177,US,United States,7922,COMCAST-7922,0,107.5.19.177
172.56.13.194,US,United States,21928,T-MOBILE-AS21928,0,172.56.13.194
151.161.96.28,US,United States,22192,SSHENET,0,151.161.96.28
71.61.8.115,US,United States,7922,COMCAST-7922,0,71.61.8.115
98.167.5.33,US,United States,22773,ASN-CXA-ALL-CCI-22773-RDC,0,98.167.5.33
24.211.175.246,US,United States,11426,SCRR-11426,0,24.211.175.246
155.178.180.11,US,United States,4046,FAA,0,155.178.180.11
192.158.48.90,US,United States,2717,CUMMINS-AS1,0,192.158.48.90
73.253.194.108,US,United States,7015,COMCAST-7015,0,73.253.194.108
75.130.61.106,US,United States,20115,CHARTER-NET-HKY-NC,0,75.130.61.106
66.87.125.252,US,United States,10507,SPCS,0,66.87.125.252
199.241.238.65,US,United States,21676,GSIC-2,0,199.241.238.65
71.197.116.253,US,United States,7922,COMCAST-7922,0,71.197.116.253
173.88.33.150,US,United States,10796,SCRR-10796,0,173.88.33.150
184.164.146.26,US,United States,20454,SSASN2,1,184.164.146.26
108.87.22.221,US,United States,7018,ATT-INTERNET4,0,108.87.22.221
172.91.202.65,US,United States,20001,ROADRUNNER-WEST,0,172.91.202.65
73.192.27.97,US,United States,7922,COMCAST-7922,0,73.192.27.97
198.184.147.58,US,United States,122,U-PGH-NET-AS,0,198.184.147.58
50.49.145.205,US,United States,5650,FRONTIER-FRTR,0,50.49.145.205
66.227.184.72,US,United States,20115,CHARTER-NET-HKY-NC,0,66.227.184.72
199.227.115.67,US,United States,3549,LVLT-3549,2,199.227.115.67
68.202.139.23,US,United States,33363,BHN-TAMPA,0,68.202.139.23
198.85.229.3,US,United States,81,NCREN,0,198.85.229.3
98.172.80.136,US,United States,22773,ASN-CXA-ALL-CCI-22773-RDC,0,98.172.80.136
98.183.232.41,US,United States,22773,ASN-CXA-ALL-CCI-22773-RDC,0,98.183.232.41
136.63.92.248,US,United States,16591,GOOGLE-FIBER,0,136.63.92.248
108.26.42.66,US,United States,701,UUNET,0,108.26.42.66
174.20.118.122,US,United States,209,CENTURYLINK-US-LEGACY-QWEST,0,174.20.118.122
68.32.180.15,US,United States,7922,COMCAST-7922,0,68.32.180.15
98.232.189.36,US,United States,7922,COMCAST-7922,0,98.232.189.36
107.195.170.235,US,United States,7018,ATT-INTERNET4,0,107.195.170.235
76.101.176.65,US,United States,7922,COMCAST-7922,0,76.101.176.65
38.77.17.254,US,United States,393422,NEWVISIONS-CNY,0,38.77.17.254
74.209.19.210,US,United States,14671,TACONIC,0,74.209.19.210
208.72.180.21,US,United States,25713,FDS,0,208.72.180.21
190.66.55.124,CO,Colombia,3816,COLOMBIA,0,190.66.55.124
69.47.241.212,US,United States,12083,WOW-INTERNET,0,69.47.241.212
66.25.58.149,US,United States,11427,SCRR-11427,0,66.25.58.149
150.212.68.203,US,United States,4130,UPITT-AS,0,150.212.68.203
199.114.205.115,US,United States,19964,INVACARE,0,199.114.205.115
73.236.53.103,US,United States,7922,COMCAST-7922,0,73.236.53.103
72.229.132.205,US,United States,12271,SCRR-12271,0,72.229.132.205
104.3.176.117,US,United States,7018,ATT-INTERNET4,0,104.3.176.117
75.185.95.234,US,United States,10796,SCRR-10796,0,75.185.95.234
73.45.98.197,US,United States,7922,COMCAST-7922,0,73.45.98.197
173.17.73.117,US,United States,30036,MEDIACOM-ENTERPRISE-BUSINESS,0,173.17.73.117
107.77.172.22,US,United States,20057,ATT-MOBILITY-LLC-AS20057,0,107.77.172.22
50.252.132.35,US,United States,7922,COMCAST-7922,0,50.252.132.35
71.218.157.7,US,United States,209,CENTURYLINK-US-LEGACY-QWEST,0,71.218.157.7
96.41.187.183,US,United States,20115,CHARTER-NET-HKY-NC,0,96.41.187.183
173.24.62.178,US,United States,30036,MEDIACOM-ENTERPRISE-BUSINESS,0,173.24.62.178
68.50.247.16,US,United States,7922,COMCAST-7922,0,68.50.247.16
98.93.231.175,ZZ,Unknown,0,------,0,98.93.231.175
72.196.116.201,US,United States,22773,ASN-CXA-ALL-CCI-22773-RDC,0,72.196.116.201
50.53.157.166,US,United States,5650,FRONTIER-FRTR,0,50.53.157.166
162.220.221.43,AT,Austria,42473,ANEXIA-AS,1,162.220.221.43
69.146.235.202,US,United States,33588,BRESNAN-AS,0,69.146.235.202
97.81.126.155,US,United States,20115,CHARTER-NET-HKY-NC,0,97.81.126.155
108.53.16.119,US,United States,701,UUNET,0,108.53.16.119
12.28.35.50,US,United States,7018,ATT-INTERNET4,0,12.28.35.50
209.37.105.2,US,United States,4473,ATTIS-ASN4473,0,209.37.105.2
24.38.164.117,US,United States,25710,FULL-CHANNEL,0,24.38.164.117
76.23.151.240,US,United States,7015,COMCAST-7015,0,76.23.151.240
69.255.37.57,US,United States,7922,COMCAST-7922,0,69.255.37.57
199.15.154.56,US,United States,53567,VOLSTATE,0,199.15.154.56
108.83.205.64,US,United States,7018,ATT-INTERNET4,0,108.83.205.64
73.96.104.189,US,United States,7922,COMCAST-7922,0,73.96.104.189
76.175.58.52,US,United States,20001,ROADRUNNER-WEST,0,76.175.58.52
136.32.71.183,US,United States,16591,GOOGLE-FIBER,0,136.32.71.183
173.25.148.197,US,United States,30036,MEDIACOM-ENTERPRISE-BUSINESS,0,173.25.148.197
170.135.176.108,US,United States,3147,US-BANCORP,0,170.135.176.108
24.3.140.120,US,United States,7922,COMCAST-7922,0,24.3.140.120
107.77.236.150,US,United States,20057,ATT-MOBILITY-LLC-AS20057,0,107.77.236.150
65.184.207.38,US,United States,11426,SCRR-11426,0,65.184.207.38
199.27.255.189,US,United States,30600,AS-CMN,0,199.27.255.189
24.179.35.220,US,United States,20115,CHARTER-NET-HKY-NC,0,24.179.35.220
76.79.85.243,US,United States,20001,ROADRUNNER-WEST,0,76.79.85.243
75.146.51.249,US,United States,7922,COMCAST-7922,0,75.146.51.249
68.1.188.175,US,United States,22773,ASN-CXA-ALL-CCI-22773-RDC,0,68.1.188.175
98.67.92.194,US,United States,6389,AS6389,0,98.67.92.194
75.20.148.196,US,United States,7018,ATT-INTERNET4,0,75.20.148.196
76.98.115.207,US,United States,7922,COMCAST-7922,0,76.98.115.207
199.245.156.254,US,United States,209,CENTURYLINK-US-LEGACY-QWEST,0,199.245.156.254
100.34.67.254,US,United States,701,UUNET,0,100.34.67.254
107.77.208.137,US,United States,20057,ATT-MOBILITY-LLC-AS20057,0,107.77.208.137
104.181.143.222,US,United States,7018,ATT-INTERNET4,0,104.181.143.222
173.27.91.62,US,United States,30036,MEDIACOM-ENTERPRISE-BUSINESS,0,173.27.91.62
173.81.105.39,US,United States,19108,SUDDENLINK-COMMUNICATIONS,0,173.81.105.39
128.255.101.87,US,United States,3676,UIOWA-AS,0,128.255.101.87
209.210.153.196,US,United States,7385,INTEGRATELECOM,1,209.210.153.196
50.108.101.50,US,United States,5650,FRONTIER-FRTR,0,50.108.101.50
108.67.167.34,US,United States,7018,ATT-INTERNET4,0,108.67.167.34
67.198.44.90,US,United States,7459,GRANDECOM-AS1,0,67.198.44.90
187.204.92.100,MX,Mexico,8151,Uninet,0,187.204.92.100
24.106.56.158,US,United States,10796,SCRR-10796,0,24.106.56.158
108.215.122.164,US,United States,7018,ATT-INTERNET4,0,108.215.122.164
107.4.70.22,US,United States,7922,COMCAST-7922,0,107.4.70.22
71.89.77.8,US,United States,20115,CHARTER-NET-HKY-NC,0,71.89.77.8
76.200.122.218,US,United States,7018,ATT-INTERNET4,0,76.200.122.218
96.57.65.98,US,United States,6128,CABLE-NET-1,0,96.57.65.98
74.221.181.232,US,United States,26827,EPBTELECOM,0,74.221.181.232
96.83.111.49,US,United States,7922,COMCAST-7922,0,96.83.111.49
156.40.216.1,US,United States,3527,NIH-NET,0,156.40.216.1
12.219.73.130,US,United States,7018,ATT-INTERNET4,0,12.219.73.130
50.252.193.85,US,United States,7922,COMCAST-7922,0,50.252.193.85
172.58.14.244,US,United States,21928,T-MOBILE-AS21928,0,172.58.14.244
162.211.121.122,DE,Germany,29066,VELIANET-AS,1,162.211.121.122
47.33.196.144,US,United States,20115,CHARTER-NET-HKY-NC,0,47.33.196.144
75.128.178.16,US,United States,20115,CHARTER-NET-HKY-NC,0,75.128.178.16
192.101.174.126,US,United States,30390,IMERYS-UK-PARMOOR-ASNUMBER,0,192.101.174.126
129.2.181.80,US,United States,27,UMDNET,0,129.2.181.80
96.89.126.85,US,United States,7922,COMCAST-7922,0,96.89.126.85
69.137.223.75,US,United States,7922,COMCAST-7922,0,69.137.223.75
68.13.204.254,US,United States,22773,ASN-CXA-ALL-CCI-22773-RDC,0,68.13.204.254
47.192.87.89,US,United States,5650,FRONTIER-FRTR,0,47.192.87.89
50.138.91.129,US,United States,7922,COMCAST-7922,0,50.138.91.129
174.23.246.86,US,United States,209,CENTURYLINK-US-LEGACY-QWEST,0,174.23.246.86
73.136.75.39,US,United States,7922,COMCAST-7922,0,73.136.75.39
75.69.16.193,US,United States,7015,COMCAST-7015,0,75.69.16.193
71.58.245.18,US,United States,7922,COMCAST-7922,0,71.58.245.18
67.253.96.35,US,United States,11351,RR-NYSREGION-ASN-01,0,67.253.96.35
71.195.168.200,US,United States,7922,COMCAST-7922,0,71.195.168.200
192.209.17.137,US,United States,33346,MONSTERBROADBAND,0,192.209.17.137
72.23.224.233,US,United States,27364,ACS-INTERNET,0,72.23.224.233
8.35.120.60,US,United States,1423,CARSON-RTCA,0,8.35.120.60
190.219.172.221,PA,Panama,18809,Cable,0,190.219.172.221
172.12.178.36,US,United States,7018,ATT-INTERNET4,0,172.12.178.36
50.30.114.12,US,United States,13781,ENERGYNET,0,50.30.114.12
74.218.116.226,US,United States,10796,SCRR-10796,0,74.218.116.226
204.169.81.233,US,United States,8148,TIES,0,204.169.81.233
192.180.90.57,US,United States,10796,SCRR-10796,0,192.180.90.57
65.31.130.79,US,United States,10796,SCRR-10796,0,65.31.130.79
113.193.145.121,IN,India,45528,TIKONAIN-AS,0,113.193.145.121
73.163.0.129,US,United States,7922,COMCAST-7922,0,73.163.0.129
76.203.197.216,US,United States,7018,ATT-INTERNET4,0,76.203.197.216
68.229.82.24,US,United States,22773,ASN-CXA-ALL-CCI-22773-RDC,0,68.229.82.24
71.197.56.81,US,United States,7922,COMCAST-7922,0,71.197.56.81
76.1.168.25,US,United States,209,CENTURYLINK-US-LEGACY-QWEST,0,76.1.168.25
198.160.134.100,US,United States,30606,BHSF,0,198.160.134.100
66.222.94.98,US,United States,4181,TDS-AS,0,66.222.94.98
137.148.67.29,US,United States,32818,CSUOHIO-AS,0,137.148.67.29
172.56.27.46,US,United States,21928,T-MOBILE-AS21928,0,172.56.27.46
174.55.233.234,US,United States,7922,COMCAST-7922,0,174.55.233.234
66.69.243.166,US,United States,11427,SCRR-11427,0,66.69.243.166
71.60.140.59,US,United States,7922,COMCAST-7922,0,71.60.140.59
162.72.228.126,US,United States,7155,VIASAT-SP-BACKBONE,0,162.72.228.126
68.200.91.147,US,United States,33363,BHN-TAMPA,0,68.200.91.147
71.115.132.138,US,United States,701,UUNET,0,71.115.132.138
75.86.156.66,US,United States,10796,SCRR-10796,0,75.86.156.66
73.226.182.249,US,United States,7922,COMCAST-7922,0,73.226.182.249
67.14.242.209,US,United States,23089,HOTWIRE-COMMUNICATIONS,0,67.14.242.209
159.83.8.4,US,United States,11188,LACOUNTY-ISD,0,159.83.8.4
69.119.233.234,US,United States,6128,CABLE-NET-1,0,69.119.233.234
66.87.97.87,US,United States,10507,SPCS,0,66.87.97.87
108.92.36.152,US,United States,7018,ATT-INTERNET4,0,108.92.36.152
47.47.192.6,US,United States,20115,CHARTER-NET-HKY-NC,0,47.47.192.6
50.154.121.136,US,United States,7922,COMCAST-7922,0,50.154.121.136
71.226.54.205,US,United States,7922,COMCAST-7922,0,71.226.54.205
174.204.18.243,US,United States,22394,CELLCO,0,174.204.18.243
64.79.159.106,US,United States,23005,SWITCH-LTD,1,64.79.159.106
209.236.106.228,US,United States,13649,ASN-VINS,1,209.236.106.228
128.210.120.210,US,United States,17,PURDUE,0,128.210.120.210
72.169.96.158,US,United States,6621,HNS-DIRECPC,0,72.169.96.158
137.200.0.106,US,United States,11985,ASN-SSA,0,137.200.0.106
73.210.80.186,US,United States,7922,COMCAST-7922,0,73.210.80.186
162.192.176.6,US,United States,7018,ATT-INTERNET4,0,162.192.176.6
71.207.72.106,US,United States,7922,COMCAST-7922,0,71.207.72.106
68.3.93.171,US,United States,22773,ASN-CXA-ALL-CCI-22773-RDC,0,68.3.93.171
50.201.255.38,US,United States,7922,COMCAST-7922,0,50.201.255.38
96.30.236.254,US,United States,13904,COSLINK,0,96.30.236.254
199.36.82.224,US,United States,54579,CVALLEY,0,199.36.82.224
71.174.255.162,US,United States,701,UUNET,0,71.174.255.162
173.52.123.172,US,United States,701,UUNET,0,173.52.123.172
190.39.39.255,VE,"Venezuela, Bolivarian Republic of",8048,CANTV,0,190.39.39.255
142.196.229.160,US,United States,33363,BHN-TAMPA,0,142.196.229.160
68.198.72.15,US,United States,6128,CABLE-NET-1,0,68.198.72.15
12.12.202.101,US,United States,7018,ATT-INTERNET4,0,12.12.202.101
63.155.38.118,US,United States,209,CENTURYLINK-US-LEGACY-QWEST,0,63.155.38.118
76.179.250.0,US,United States,11351,RR-NYSREGION-ASN-01,0,76.179.250.0
99.70.235.183,US,United States,7018,ATT-INTERNET4,0,99.70.235.183
69.141.198.1,US,United States,7922,COMCAST-7922,0,69.141.198.1
24.21.67.221,US,United States,7922,COMCAST-7922,0,24.21.67.221
107.140.191.176,US,United States,7018,ATT-INTERNET4,0,107.140.191.176
71.237.52.146,US,United States,7922,COMCAST-7922,0,71.237.52.146
73.19.5.170,US,United States,7922,COMCAST-7922,0,73.19.5.170
184.155.94.68,US,United States,11492,CABLEONE,0,184.155.94.68
66.87.68.76,US,United States,10507,SPCS,0,66.87.68.76
192.42.116.16,NL,Netherlands,1101,IP-EEND-AS,1,192.42.116.16
73.179.30.79,US,United States,7922,COMCAST-7922,0,73.179.30.79
68.2.101.37,US,United States,22773,ASN-CXA-ALL-CCI-22773-RDC,0,68.2.101.37
174.60.201.41,US,United States,7922,COMCAST-7922,0,174.60.201.41
90.229.2.39,SE,Sweden,3301,TELIANET-SWEDEN,0,90.229.2.39
99.115.47.9,US,United States,7018,ATT-INTERNET4,0,99.115.47.9
98.168.47.250,US,United States,22773,ASN-CXA-ALL-CCI-22773-RDC,0,98.168.47.250
97.76.145.242,US,United States,33363,BHN-TAMPA,0,97.76.145.242
63.142.35.68,US,United States,30036,MEDIACOM-ENTERPRISE-BUSINESS,0,63.142.35.68
152.23.166.15,US,United States,36850,UNC-CH,0,152.23.166.15
143.207.14.96,US,United States,19106,ANDREWS,0,143.207.14.96
174.54.106.111,US,United States,7922,COMCAST-7922,0,174.54.106.111
173.49.88.64,US,United States,701,UUNET,0,173.49.88.64
166.82.224.63,US,United States,7029,WINDSTREAM,0,166.82.224.63
66.87.135.187,US,United States,10507,SPCS,0,66.87.135.187
68.229.53.182,US,United States,22773,ASN-CXA-ALL-CCI-22773-RDC,0,68.229.53.182
173.88.65.163,US,United States,10796,SCRR-10796,0,173.88.65.163
74.85.203.27,US,United States,64242,SPEEDCONNECT,0,74.85.203.27
24.151.160.162,US,United States,20115,CHARTER-NET-HKY-NC,0,24.151.160.162
216.159.64.253,US,United States,6122,ICN-AS,0,216.159.64.253
70.174.94.152,US,United States,22773,ASN-CXA-ALL-CCI-22773-RDC,0,70.174.94.152
98.102.88.42,US,United States,10796,SCRR-10796,0,98.102.88.42
73.149.116.253,US,United States,7015,COMCAST-7015,0,73.149.116.253
68.102.241.57,US,United States,22773,ASN-CXA-ALL-CCI-22773-RDC,0,68.102.241.57
170.47.4.2,US,United States,22178,PA-SENATE,0,170.47.4.2
73.81.153.108,US,United States,7922,COMCAST-7922,0,73.81.153.108
75.132.108.44,US,United States,20115,CHARTER-NET-HKY-NC,0,75.132.108.44
73.95.129.169,US,United States,7922,COMCAST-7922,0,73.95.129.169
24.43.253.238,US,United States,20001,ROADRUNNER-WEST,0,24.43.253.238
108.28.6.57,US,United States,701,UUNET,0,108.28.6.57
40.137.49.170,US,United States,7029,WINDSTREAM,0,40.137.49.170
184.98.245.122,US,United States,209,CENTURYLINK-US-LEGACY-QWEST,0,184.98.245.122
174.71.228.88,US,United States,22773,ASN-CXA-ALL-CCI-22773-RDC,0,174.71.228.88
23.25.80.129,US,United States,7922,COMCAST-7922,0,23.25.80.129
158.222.137.168,US,United States,12271,SCRR-12271,0,158.222.137.168
184.13.110.42,US,United States,5650,FRONTIER-FRTR,0,184.13.110.42
216.169.216.1,US,United States,8001,NET-ACCESS-CORP,1,216.169.216.1
32.214.224.208,US,United States,46690,SNET-FCC,0,32.214.224.208
107.77.199.188,US,United States,20057,ATT-MOBILITY-LLC-AS20057,0,107.77.199.188
24.52.151.146,US,United States,10971,CASSCOMM,0,24.52.151.146
74.69.68.127,US,United States,11351,RR-NYSREGION-ASN-01,0,74.69.68.127
73.160.155.33,US,United States,7922,COMCAST-7922,0,73.160.155.33
108.234.3.119,US,United States,7018,ATT-INTERNET4,0,108.234.3.119
108.78.187.133,US,United States,7018,ATT-INTERNET4,0,108.78.187.133
98.143.233.66,US,United States,11796,AIRSTREAMCOMM-NET,0,98.143.233.66
76.229.244.207,US,United States,7018,ATT-INTERNET4,0,76.229.244.207
104.172.111.88,US,United States,20001,ROADRUNNER-WEST,0,104.172.111.88
108.230.124.237,US,United States,7018,ATT-INTERNET4,0,108.230.124.237
74.178.251.213,US,United States,7018,ATT-INTERNET4,0,74.178.251.213
208.100.186.45,US,United States,4181,TDS-AS,0,208.100.186.45
204.126.132.241,US,United States,32971,HCC-ASN,0,204.126.132.241
195.21.136.161,GB,United Kingdom,8928,INTEROUTE,0,195.21.136.161
76.169.104.88,US,United States,20001,ROADRUNNER-WEST,0,76.169.104.88
23.24.21.113,US,United States,7922,COMCAST-7922,0,23.24.21.113
98.235.125.102,US,United States,7922,COMCAST-7922,0,98.235.125.102
24.129.2.91,US,United States,7922,COMCAST-7922,0,24.129.2.91
140.254.70.167,US,United States,159,OSUNET-AS,0,140.254.70.167
173.70.220.120,US,United States,701,UUNET,0,173.70.220.120
199.102.210.123,US,United States,33029,OSAGE-MUNICIPAL-COMMUNICATIONS-UTILITY,0,199.102.210.123
71.239.237.165,US,United States,7922,COMCAST-7922,0,71.239.237.165
69.88.45.169,US,United States,14291,ANTIETAM,0,69.88.45.169
174.221.8.147,US,United States,22394,CELLCO,0,174.221.8.147
157.182.121.185,US,United States,12118,WVU,0,157.182.121.185
69.120.201.112,US,United States,6128,CABLE-NET-1,0,69.120.201.112
45.50.24.202,US,United States,20001,ROADRUNNER-WEST,0,45.50.24.202
67.189.26.60,US,United States,7922,COMCAST-7922,0,67.189.26.60
75.117.51.21,US,United States,7029,WINDSTREAM,0,75.117.51.21
108.200.188.233,US,United States,7018,ATT-INTERNET4,0,108.200.188.233
75.138.75.152,US,United States,20115,CHARTER-NET-HKY-NC,0,75.138.75.152
170.249.182.198,US,United States,13760,SOUTHERN-LIGHT,0,170.249.182.198
69.243.201.143,US,United States,7922,COMCAST-7922,0,69.243.201.143
131.128.73.7,US,United States,14348,URI-AS,0,131.128.73.7
184.59.217.192,US,United States,10796,SCRR-10796,0,184.59.217.192
24.117.182.194,US,United States,11492,CABLEONE,0,24.117.182.194
45.27.232.55,US,United States,7018,ATT-INTERNET4,0,45.27.232.55
71.244.203.94,US,United States,701,UUNET,0,71.244.203.94
173.72.79.153,US,United States,701,UUNET,0,173.72.79.153
71.171.12.150,US,United States,701,UUNET,0,71.171.12.150
108.85.160.64,US,United States,7018,ATT-INTERNET4,0,108.85.160.64
50.58.210.13,US,United States,19725,COHPWE,0,50.58.210.13
98.4.92.29,US,United States,11351,RR-NYSREGION-ASN-01,0,98.4.92.29
73.93.141.33,US,United States,7922,COMCAST-7922,0,73.93.141.33
173.219.141.170,US,United States,19108,SUDDENLINK-COMMUNICATIONS,0,173.219.141.170
24.30.19.78,US,United States,7922,COMCAST-7922,0,24.30.19.78
68.36.215.223,US,United States,7922,COMCAST-7922,0,68.36.215.223
104.162.71.49,US,United States,12271,SCRR-12271,0,104.162.71.49
187.190.20.204,MX,Mexico,17072,TOTAL,0,187.190.20.204
134.19.187.45,NL,Netherlands,49453,GLOBALLAYER,1,134.19.187.45
207.250.113.16,US,United States,3549,LVLT-3549,2,207.250.113.16
173.216.104.84,US,United States,19108,SUDDENLINK-COMMUNICATIONS,0,173.216.104.84
173.21.150.3,US,United States,30036,MEDIACOM-ENTERPRISE-BUSINESS,0,173.21.150.3
68.55.121.19,US,United States,7922,COMCAST-7922,0,68.55.121.19
104.52.25.66,US,United States,7018,ATT-INTERNET4,0,104.52.25.66
24.253.210.51,US,United States,22773,ASN-CXA-ALL-CCI-22773-RDC,0,24.253.210.51
96.33.110.130,US,United States,20115,CHARTER-NET-HKY-NC,0,96.33.110.130
142.255.23.168,US,United States,12271,SCRR-12271,0,142.255.23.168
73.200.99.30,US,United States,7922,COMCAST-7922,0,73.200.99.30
184.53.33.49,US,United States,6621,HNS-DIRECPC,0,184.53.33.49
204.116.23.213,US,United States,19635,SANDHILL-AS,0,204.116.23.213
66.227.162.13,US,United States,20115,CHARTER-NET-HKY-NC,0,66.227.162.13
209.129.241.52,US,United States,2152,CSUNET-NW,0,209.129.241.52
184.53.50.156,US,United States,6621,HNS-DIRECPC,0,184.53.50.156
209.99.214.250,US,United States,12282,GMA,0,209.99.214.250
184.150.236.67,CA,Canada,603,BACOM2-AS,0,184.150.236.67
98.237.245.104,US,United States,7922,COMCAST-7922,0,98.237.245.104
24.60.166.109,US,United States,7015,COMCAST-7015,0,24.60.166.109
73.237.165.2,US,United States,7922,COMCAST-7922,0,73.237.165.2
99.104.32.175,US,United States,7018,ATT-INTERNET4,0,99.104.32.175
64.69.143.97,US,United States,53862,MCDANIELCOLLEGE,0,64.69.143.97
68.9.162.54,US,United States,22773,ASN-CXA-ALL-CCI-22773-RDC,0,68.9.162.54
50.48.63.177,US,United States,5650,FRONTIER-FRTR,0,50.48.63.177
108.131.50.19,US,United States,16509,AMAZON-02,1,108.131.50.19
216.57.171.1,US,United States,32444,SAFELINK-MV,0,216.57.171.1
65.254.15.46,US,United States,46887,LIGHTOWER,0,65.254.15.46
65.35.42.50,US,United States,33363,BHN-TAMPA,0,65.35.42.50
68.14.130.147,US,United States,22773,ASN-CXA-ALL-CCI-22773-RDC,0,68.14.130.147
75.128.122.85,US,United States,20115,CHARTER-NET-HKY-NC,0,75.128.122.85
103.66.79.71,IN,India,24186,RAILTEL-AS-IN,0,103.66.79.71
99.206.153.83,US,United States,1239,SPRINTLINK,0,99.206.153.83
198.24.228.2,US,United States,14265,US-TELEPACIFIC,0,198.24.228.2
50.205.134.218,US,United States,7922,COMCAST-7922,0,50.205.134.218
71.210.26.52,US,United States,209,CENTURYLINK-US-LEGACY-QWEST,0,71.210.26.52
68.205.81.224,US,United States,33363,BHN-TAMPA,0,68.205.81.224
67.251.214.64,US,United States,12271,SCRR-12271,0,67.251.214.64
76.173.116.55,US,United States,20001,ROADRUNNER-WEST,0,76.173.116.55
107.204.201.212,US,United States,7018,ATT-INTERNET4,0,107.204.201.212
72.174.145.205,US,United States,33588,BRESNAN-AS,0,72.174.145.205
99.153.225.70,US,United States,7018,ATT-INTERNET4,0,99.153.225.70
107.199.239.29,US,United States,7018,ATT-INTERNET4,0,107.199.239.29
173.187.224.57,US,United States,7029,WINDSTREAM,0,173.187.224.57
71.195.105.230,US,United States,7922,COMCAST-7922,0,71.195.105.230
107.217.105.108,US,United States,7018,ATT-INTERNET4,0,107.217.105.108
64.77.197.67,ZZ,Unknown,0,------,0,64.77.197.67
173.94.197.184,US,United States,11426,SCRR-11426,0,173.94.197.184
174.53.245.185,US,United States,7922,COMCAST-7922,0,174.53.245.185
173.173.79.165,US,United States,11427,SCRR-11427,0,173.173.79.165
12.11.242.37,US,United States,7018,ATT-INTERNET4,0,12.11.242.37
74.4.221.102,US,United States,209,CENTURYLINK-US-LEGACY-QWEST,0,74.4.221.102
216.47.38.171,US,United States,13576,SDNW-13576,0,216.47.38.171
107.15.255.33,US,United States,11426,SCRR-11426,0,107.15.255.33
192.135.206.201,US,United States,394004,HURLEY-MEDICAL-ASN,0,192.135.206.201
206.132.239.66,US,United States,3549,LVLT-3549,2,206.132.239.66
4.16.29.63,US,United States,3356,LEVEL3,0,4.16.29.63
72.227.166.28,US,United States,12271,SCRR-12271,0,72.227.166.28
73.21.249.195,US,United States,7922,COMCAST-7922,0,73.21.249.195
24.247.188.225,US,United States,20115,CHARTER-NET-HKY-NC,0,24.247.188.225
74.202.99.106,US,United States,3549,LVLT-3549,2,74.202.99.106
24.178.42.105,US,United States,20115,CHARTER-NET-HKY-NC,0,24.178.42.105
184.14.143.7,US,United States,5650,FRONTIER-FRTR,0,184.14.143.7
174.61.192.38,US,United States,7922,COMCAST-7922,0,174.61.192.38
172.56.29.171,US,United States,21928,T-MOBILE-AS21928,0,172.56.29.171
24.126.87.128,US,United States,7922,COMCAST-7922,0,24.126.87.128
96.33.67.15,US,United States,20115,CHARTER-NET-HKY-NC,0,96.33.67.15
68.119.225.94,US,United States,20115,CHARTER-NET-HKY-NC,0,68.119.225.94
73.9.7.51,US,United States,7922,COMCAST-7922,0,73.9.7.51
173.16.13.236,US,United States,30036,MEDIACOM-ENTERPRISE-BUSINESS,0,173.16.13.236
128.172.48.108,US,United States,16643,VCU-ASN1,0,128.172.48.108
68.9.66.164,US,United States,22773,ASN-CXA-ALL-CCI-22773-RDC,0,68.9.66.164
168.235.1.4,US,United States,26554,US-SIGNAL,0,168.235.1.4
73.11.112.136,US,United States,7922,COMCAST-7922,0,73.11.112.136
24.143.116.102,US,United States,11404,AS-VOBIZ,0,24.143.116.102
83.132.255.97,PT,Portugal,2860,NOS_COMUNICACOES,0,83.132.255.97
75.109.31.38,US,United States,19108,SUDDENLINK-COMMUNICATIONS,0,75.109.31.38
71.86.62.88,US,United States,20115,CHARTER-NET-HKY-NC,0,71.86.62.88
208.95.51.24,US,United States,32726,LIBERTY,0,208.95.51.24
173.71.80.94,US,United States,701,UUNET,0,173.71.80.94
69.244.19.98,US,United States,7922,COMCAST-7922,0,69.244.19.98
24.192.47.226,US,United States,12083,WOW-INTERNET,0,24.192.47.226
98.167.210.218,US,United States,22773,ASN-CXA-ALL-CCI-22773-RDC,0,98.167.210.218
164.116.126.175,US,United States,10430,WA-K20,0,164.116.126.175
134.134.137.75,US,United States,4983,INTEL-SC-AS,1,134.134.137.75
73.175.179.148,US,United States,7922,COMCAST-7922,0,73.175.179.148
68.134.64.44,US,United States,701,UUNET,0,68.134.64.44
172.58.201.97,US,United States,21928,T-MOBILE-AS21928,0,172.58.201.97
107.77.197.5,US,United States,20057,ATT-MOBILITY-LLC-AS20057,0,107.77.197.5
108.188.120.210,US,United States,33363,BHN-TAMPA,0,108.188.120.210
64.53.252.187,US,United States,12083,WOW-INTERNET,0,64.53.252.187
75.170.178.150,US,United States,209,CENTURYLINK-US-LEGACY-QWEST,0,75.170.178.150
107.77.196.211,US,United States,20057,ATT-MOBILITY-LLC-AS20057,0,107.77.196.211
209.34.30.10,US,United States,6300,CCI-TEXAS,0,209.34.30.10
96.237.237.214,US,United States,701,UUNET,0,96.237.237.214
50.193.178.82,US,United States,7922,COMCAST-7922,0,50.193.178.82
24.19.24.189,US,United States,7922,COMCAST-7922,0,24.19.24.189
24.253.127.82,US,United States,22773,ASN-CXA-ALL-CCI-22773-RDC,0,24.253.127.82
174.48.153.206,US,United States,7922,COMCAST-7922,0,174.48.153.206
50.173.1.241,US,United States,7922,COMCAST-7922,0,50.173.1.241
69.193.201.90,US,United States,12271,SCRR-12271,0,69.193.201.90
161.181.253.20,US,United States,46564,NORDST-AS,0,161.181.253.20
73.17.87.221,US,United States,7015,COMCAST-7015,0,73.17.87.221
198.234.106.202,US,United States,19902,NET-STATE-OHIO,0,198.234.106.202
73.12.211.138,US,United States,7922,COMCAST-7922,0,73.12.211.138
97.83.42.240,US,United States,20115,CHARTER-NET-HKY-NC,0,97.83.42.240
74.84.106.42,US,United States,30036,MEDIACOM-ENTERPRISE-BUSINESS,0,74.84.106.42
75.170.63.199,US,United States,209,CENTURYLINK-US-LEGACY-QWEST,0,75.170.63.199
66.192.183.178,US,United States,3549,LVLT-3549,2,66.192.183.178
209.254.177.129,US,United States,7029,WINDSTREAM,0,209.254.177.129
174.16.123.244,US,United States,209,CENTURYLINK-US-LEGACY-QWEST,0,174.16.123.244
206.169.119.178,US,United States,3549,LVLT-3549,2,206.169.119.178
47.196.215.29,US,United States,5650,FRONTIER-FRTR,0,47.196.215.29
104.129.194.119,US,United States,22616,ZSCALER-SJC1,0,104.129.194.119
104.35.149.242,US,United States,20001,ROADRUNNER-WEST,0,104.35.149.242
98.101.115.194,US,United States,11426,SCRR-11426,0,98.101.115.194
174.34.164.124,US,United States,15003,NOBIS-TECH,1,174.34.164.124
96.39.94.110,US,United States,20115,CHARTER-NET-HKY-NC,0,96.39.94.110
190.60.34.218,US,United States,18747,IFX18747,0,190.60.34.218
128.59.136.236,US,United States,14,COLUMBIA-GW,0,128.59.136.236
104.200.154.38,US,United States,46562,TOTAL-SERVER-SOLUTIONS,1,104.200.154.38
71.49.108.125,US,United States,4282,CENTURYLINK-TSDS-FLFTMY,0,71.49.108.125
50.82.250.94,US,United States,30036,MEDIACOM-ENTERPRISE-BUSINESS,0,50.82.250.94
76.92.141.50,US,United States,11427,SCRR-11427,0,76.92.141.50
50.49.204.202,US,United States,5650,FRONTIER-FRTR,0,50.49.204.202
138.128.130.73,US,United States,12177,ETS-TELEPHONE-COMPANY,0,138.128.130.73
173.22.113.23,US,United States,30036,MEDIACOM-ENTERPRISE-BUSINESS,0,173.22.113.23
54.240.196.169,US,United States,16509,AMAZON-02,1,54.240.196.169
172.58.145.213,US,United States,21928,T-MOBILE-AS21928,0,172.58.145.213
24.163.109.109,US,United States,11426,SCRR-11426,0,24.163.109.109
138.162.8.57,US,United States,665,AS665,0,138.162.8.57
108.49.101.148,US,United States,701,UUNET,0,108.49.101.148
24.21.245.220,US,United States,7922,COMCAST-7922,0,24.21.245.220
71.54.96.216,US,United States,209,CENTURYLINK-US-LEGACY-QWEST,0,71.54.96.216
174.17.32.89,US,United States,209,CENTURYLINK-US-LEGACY-QWEST,0,174.17.32.89
172.5.83.226,US,United States,7018,ATT-INTERNET4,0,172.5.83.226
108.218.162.211,US,United States,7018,ATT-INTERNET4,0,108.218.162.211
167.102.138.245,US,United States,53302,BALTIMORECOUNTYGOVERNMENT,0,167.102.138.245
72.228.42.128,US,United States,11351,RR-NYSREGION-ASN-01,0,72.228.42.128
45.46.83.230,US,United States,11351,RR-NYSREGION-ASN-01,0,45.46.83.230
73.25.38.146,US,United States,7922,COMCAST-7922,0,73.25.38.146
207.180.172.9,US,United States,54232,CSPACE-AS,0,207.180.172.9
70.44.79.119,US,United States,3737,PTD-AS,0,70.44.79.119
68.97.235.108,US,United States,22773,ASN-CXA-ALL-CCI-22773-RDC,0,68.97.235.108
117.195.251.42,IN,India,9829,BSNL-NIB,0,117.195.251.42
216.49.25.4,US,United States,3737,PTD-AS,0,216.49.25.4
174.54.65.62,US,United States,7922,COMCAST-7922,0,174.54.65.62
38.98.140.67,US,United States,174,COGENT-174,2,38.98.140.67
64.150.5.34,US,United States,1416,CHICAGO-PUBLIC-SCHOOLS,0,64.150.5.34
71.82.156.214,US,United States,20115,CHARTER-NET-HKY-NC,0,71.82.156.214
73.114.21.53,US,United States,7015,COMCAST-7015,0,73.114.21.53
67.255.82.107,US,United States,11351,RR-NYSREGION-ASN-01,0,67.255.82.107
68.187.251.141,US,United States,20115,CHARTER-NET-HKY-NC,0,68.187.251.141
103.16.71.14,IN,India,132559,AS132559,0,103.16.71.14
76.115.66.82,US,United States,7922,COMCAST-7922,0,76.115.66.82
70.63.158.14,US,United States,11426,SCRR-11426,0,70.63.158.14
67.60.210.226,US,United States,11492,CABLEONE,0,67.60.210.226
73.185.229.225,US,United States,7922,COMCAST-7922,0,73.185.229.225
24.29.205.112,US,United States,10796,SCRR-10796,0,24.29.205.112
73.246.83.194,US,United States,7922,COMCAST-7922,0,73.246.83.194
66.87.152.63,US,United States,10507,SPCS,0,66.87.152.63
172.101.51.97,US,United States,11351,RR-NYSREGION-ASN-01,0,172.101.51.97
50.32.117.52,US,United States,5650,FRONTIER-FRTR,0,50.32.117.52
68.62.125.197,US,United States,7922,COMCAST-7922,0,68.62.125.197
73.39.40.216,US,United States,7922,COMCAST-7922,0,73.39.40.216
71.169.122.138,US,United States,701,UUNET,0,71.169.122.138
74.197.174.11,US,United States,19108,SUDDENLINK-COMMUNICATIONS,0,74.197.174.11
66.205.132.206,US,United States,14051,SUREWEST,0,66.205.132.206
99.49.103.211,US,United States,7018,ATT-INTERNET4,0,99.49.103.211
108.65.208.253,US,United States,7018,ATT-INTERNET4,0,108.65.208.253
172.56.26.126,US,United States,21928,T-MOBILE-AS21928,0,172.56.26.126
129.72.134.31,US,United States,2902,WN-WY-AS,0,129.72.134.31
192.136.219.125,US,United States,11427,SCRR-11427,0,192.136.219.125
172.58.14.172,US,United States,21928,T-MOBILE-AS21928,0,172.58.14.172
99.108.237.44,US,United States,7018,ATT-INTERNET4,0,99.108.237.44
12.39.123.5,US,United States,7018,ATT-INTERNET4,0,12.39.123.5
73.236.78.47,US,United States,7922,COMCAST-7922,0,73.236.78.47
64.132.107.3,US,United States,3549,LVLT-3549,2,64.132.107.3
205.174.22.25,US,United States,26034,ASN-DELTA-OUT,0,205.174.22.25
108.24.174.154,US,United States,701,UUNET,0,108.24.174.154
168.150.122.66,US,United States,6192,UCDAVIS-CORE,0,168.150.122.66
107.77.235.159,US,United States,20057,ATT-MOBILITY-LLC-AS20057,0,107.77.235.159
23.28.176.133,US,United States,12083,WOW-INTERNET,0,23.28.176.133
24.5.188.202,US,United States,7922,COMCAST-7922,0,24.5.188.202
50.149.151.158,US,United States,7922,COMCAST-7922,0,50.149.151.158
71.68.13.124,US,United States,11426,SCRR-11426,0,71.68.13.124
174.68.66.188,US,United States,22773,ASN-CXA-ALL-CCI-22773-RDC,0,174.68.66.188
12.15.83.226,US,United States,7018,ATT-INTERNET4,0,12.15.83.226
24.59.2.164,US,United States,11351,RR-NYSREGION-ASN-01,0,24.59.2.164
99.58.45.170,US,United States,7018,ATT-INTERNET4,0,99.58.45.170
108.5.251.59,US,United States,701,UUNET,0,108.5.251.59
75.72.80.243,US,United States,7922,COMCAST-7922,0,75.72.80.243
73.39.42.79,US,United States,7922,COMCAST-7922,0,73.39.42.79
72.231.197.249,US,United States,11351,RR-NYSREGION-ASN-01,0,72.231.197.249
73.240.159.100,US,United States,7922,COMCAST-7922,0,73.240.159.100
173.17.164.206,US,United States,30036,MEDIACOM-ENTERPRISE-BUSINESS,0,173.17.164.206
24.123.91.30,US,United States,10796,SCRR-10796,0,24.123.91.30
96.30.252.34,US,United States,18719,TSRSOLUTIONS,0,96.30.252.34
76.175.204.63,US,United States,20001,ROADRUNNER-WEST,0,76.175.204.63
75.139.53.38,US,United States,20115,CHARTER-NET-HKY-NC,0,75.139.53.38
174.197.19.101,US,United States,22394,CELLCO,0,174.197.19.101
96.37.216.116,US,United States,20115,CHARTER-NET-HKY-NC,0,96.37.216.116
104.15.77.17,US,United States,7018,ATT-INTERNET4,0,104.15.77.17
40.138.157.210,US,United States,7029,WINDSTREAM,0,40.138.157.210
70.127.30.49,US,United States,33363,BHN-TAMPA,0,70.127.30.49
188.222.59.99,GB,United Kingdom,5607,BSKYB-BROADBAND-AS,0,188.222.59.99
96.19.102.162,US,United States,11492,CABLEONE,0,96.19.102.162
100.12.208.250,US,United States,701,UUNET,0,100.12.208.250
70.187.73.122,US,United States,22773,ASN-CXA-ALL-CCI-22773-RDC,0,70.187.73.122
104.59.132.160,US,United States,7018,ATT-INTERNET4,0,104.59.132.160
67.246.121.206,US,United States,11351,RR-NYSREGION-ASN-01,0,67.246.121.206
66.110.229.225,US,United States,22709,NSTELCO,0,66.110.229.225
162.210.121.55,US,United States,19009,ONECLEVELAND,0,162.210.121.55
107.77.203.67,US,United States,20057,ATT-MOBILITY-LLC-AS20057,0,107.77.203.67
192.138.214.126,US,United States,20143,SUNET-1,0,192.138.214.126
99.98.233.75,US,United States,7018,ATT-INTERNET4,0,99.98.233.75
137.52.1.13,US,United States,33670,NOVASOUTHEASTERNAS,0,137.52.1.13
170.146.220.72,US,United States,14299,ADP1,0,170.146.220.72
71.117.31.58,US,United States,701,UUNET,0,71.117.31.58
71.172.79.154,US,United States,701,UUNET,0,71.172.79.154
98.160.203.207,US,United States,22773,ASN-CXA-ALL-CCI-22773-RDC,0,98.160.203.207
45.23.33.123,US,United States,7018,ATT-INTERNET4,0,45.23.33.123
24.197.156.5,ZZ,Unknown,0,------,0,24.197.156.5
73.214.205.213,US,United States,7922,COMCAST-7922,0,73.214.205.213
205.173.37.132,US,United States,36548,ASCOJ,0,205.173.37.132
45.36.25.113,US,United States,11426,SCRR-11426,0,45.36.25.113
173.46.76.139,US,United States,36180,JASPERSYSTEMS-COM,0,173.46.76.139
27.7.240.17,IN,India,17488,HATHWAY-NET-AP,0,27.7.240.17
66.87.114.21,US,United States,10507,SPCS,0,66.87.114.21
66.192.173.6,US,United States,13628,ABSG,0,66.192.173.6
100.2.96.242,US,United States,701,UUNET,0,100.2.96.242
76.28.128.115,US,United States,7922,COMCAST-7922,0,76.28.128.115
159.105.178.190,US,United States,11577,GOVNET-ASN,0,159.105.178.190
65.255.141.130,US,United States,62943,AS62943-BLUEBIRD-NETWORK,0,65.255.141.130
98.230.118.83,US,United States,7922,COMCAST-7922,0,98.230.118.83
70.114.147.179,US,United States,11427,SCRR-11427,0,70.114.147.179
73.33.174.52,US,United States,7922,COMCAST-7922,0,73.33.174.52
8.40.176.220,US,United States,35986,NO,0,8.40.176.220
107.1.203.70,US,United States,7922,COMCAST-7922,0,107.1.203.70
98.249.11.178,US,United States,7922,COMCAST-7922,0,98.249.11.178
72.184.188.152,US,United States,33363,BHN-TAMPA,0,72.184.188.152
174.199.4.184,US,United States,22394,CELLCO,0,174.199.4.184
8.35.5.59,US,United States,13475,WFCU-WW-ASN,0,8.35.5.59
98.90.70.243,ZZ,Unknown,0,------,0,98.90.70.243
73.45.94.61,US,United States,7922,COMCAST-7922,0,73.45.94.61
68.37.242.114,US,United States,7922,COMCAST-7922,0,68.37.242.114
69.85.233.2,US,United States,13760,SOUTHERN-LIGHT,0,69.85.233.2
50.141.226.162,US,United States,7922,COMCAST-7922,0,50.141.226.162
196.53.44.236,ZZ,Unknown,0,------,0,196.53.44.236
50.125.166.34,US,United States,5650,FRONTIER-FRTR,0,50.125.166.34
69.228.4.226,US,United States,7018,ATT-INTERNET4,0,69.228.4.226
98.220.50.99,US,United States,7922,COMCAST-7922,0,98.220.50.99
107.77.199.91,US,United States,20057,ATT-MOBILITY-LLC-AS20057,0,107.77.199.91
73.168.73.12,US,United States,7922,COMCAST-7922,0,73.168.73.12
66.87.81.250,US,United States,10507,SPCS,0,66.87.81.250
75.178.89.187,US,United States,11426,SCRR-11426,0,75.178.89.187
65.33.237.11,US,United States,33363,BHN-TAMPA,0,65.33.237.11
71.220.44.16,US,United States,209,CENTURYLINK-US-LEGACY-QWEST,0,71.220.44.16
73.212.201.206,US,United States,7922,COMCAST-7922,0,73.212.201.206
199.107.16.132,US,United States,13788,USCOURTS,0,199.107.16.132
76.2.4.179,US,United States,14921,CENTURYLINK-LEGACY-EMBARQ-HDRV,0,76.2.4.179
73.239.209.69,US,United States,7922,COMCAST-7922,0,73.239.209.69
68.186.140.241,US,United States,20115,CHARTER-NET-HKY-NC,0,68.186.140.241
47.34.35.68,US,United States,20115,CHARTER-NET-HKY-NC,0,47.34.35.68
70.176.153.174,US,United States,22773,ASN-CXA-ALL-CCI-22773-RDC,0,70.176.153.174
73.94.135.150,US,United States,7922,COMCAST-7922,0,73.94.135.150
71.233.43.149,US,United States,7015,COMCAST-7015,0,71.233.43.149
173.18.244.80,US,United States,30036,MEDIACOM-ENTERPRISE-BUSINESS,0,173.18.244.80
68.225.118.179,US,United States,22773,ASN-CXA-ALL-CCI-22773-RDC,0,68.225.118.179
66.87.148.163,US,United States,10507,SPCS,0,66.87.148.163
72.174.11.120,US,United States,33588,BRESNAN-AS,0,72.174.11.120
68.119.40.28,US,United States,20115,CHARTER-NET-HKY-NC,0,68.119.40.28
67.177.107.9,US,United States,7922,COMCAST-7922,0,67.177.107.9
